state,volume,av_probability
up,0.0,0.4579876335019674
up,712.812,0.4766666666666666
up,711.903,0.4626666666666666
up,298.404,0.6091666666666667
up,302.478,0.5133333333333333
up,519.516,0.614
up,109.855,0.6649999999999999
up,234.417,0.39142857142857146
up,715.583,0.5226666666666666
up,273.165,0.43200000000000005
up,260.462,0.6366666666666666
up,111.825,0.6233333333333334
up,521.916,0.7575
up,240.03,0.47000000000000003
up,211.828,0.62
up,394.896,0.5725
up,296.539,0.6483333333333334
up,245.087,0.3975
up,461.143,0.6166666666666667
up,184.01,0.48
up,113.592,0.6766666666666667
up,231.747,0.31
up,466.872,0.5977777777777776
up,238.555,0.3275
up,492.442,0.6325000000000001
up,261.086,0.6699999999999999
up,184.787,0.5271428571428572
up,436.162,0.5075000000000001
up,512.537,0.77
up,212.472,0.5633333333333334
up,176.782,0.48
up,207.785,0.4677777777777778
up,182.653,0.5342857142857141
up,1040.836,0.7341176470588235
up,187.491,0.4683333333333333
up,289.165,0.39
up,391.161,0.6599999999999999
up,263.576,0.6699999999999999
up,281.654,0.6900000000000001
up,211.051,0.615
up,302.637,0.20166666666666666
up,452.297,0.7533333333333333
up,383.82,0.6183333333333333
up,179.632,0.47500000000000003
up,287.241,0.7083333333333334
up,560.816,0.6326666666666666
up,279.565,0.6966666666666667
up,263.955,0.392
up,299.57,0.6315384615384616
up,437.151,0.44749999999999995
up,240.842,0.4666666666666666
up,192.092,0.41
up,448.895,0.48200000000000004
up,187.368,0.5414285714285714
up,613.499,0.7433333333333333
up,267.897,0.5485714285714286
up,410.236,0.6499999999999999
up,288.908,0.255
up,245.233,0.404
up,277.87,0.42400000000000004
up,412.852,0.576
up,183.795,0.4733333333333334
up,523.359,0.784
up,240.826,0.43333333333333335
up,421.56,0.5025
up,204.854,0.4833333333333333
up,104.219,0.5
up,303.433,0.49833333333333335
up,270.71,0.382
up,300.348,0.19000000000000003
up,244.877,0.252
up,207.44,0.47111111111111115
up,405.873,0.6279999999999999
up,455.138,0.675
up,562.014,0.5442857142857143
up,187.374,0.635
up,738.318,0.6024999999999999
up,601.842,0.7500000000000001
up,500.994,0.6250000000000001
up,474.591,0.7266666666666666
up,210.968,0.53
up,243.165,0.4366666666666667
up,392.94,0.57
up,745.07,0.5922222222222222
up,428.512,0.4925
up,471.528,0.44166666666666665
up,598.853,0.828888888888889
up,458.767,0.4585714285714286
up,105.131,0.51
up,306.428,0.5166666666666666
up,183.591,0.345
up,331.051,0.4514285714285715
up,538.908,0.587
up,946.814,0.6399999999999999
up,1050.299,0.7116666666666667
up,238.748,0.43333333333333335
up,316.006,0.29285714285714287
up,292.555,0.27
up,423.179,0.5566666666666666
up,408.822,0.599
up,270.322,0.4383333333333333
up,183.346,0.605
up,275.673,0.46142857142857147
up,211.625,0.53
up,322.782,0.6333333333333333
up,262.247,0.368
up,282.311,0.245
up,200.972,0.6866666666666666
up,331.129,0.6519999999999999
up,429.185,0.5509090909090909
up,388.199,0.64
up,228.185,0.8233333333333334
up,150.225,0.5
up,215.792,0.6633333333333333
up,947.838,0.635625
up,301.947,0.22333333333333336
up,382.177,0.695
up,145.979,0.49500000000000005
up,963.832,0.7172222222222223
up,324.161,0.658
up,445.03,0.60875
up,355.928,0.571
up,1014.28,0.7499999999999999
up,228.088,0.7966666666666667
up,469.493,0.5166666666666666
up,768.312,0.5866666666666667
up,351.315,0.545
up,476.074,0.46333333333333343
up,490.129,0.43066666666666664
up,123.252,0.6533333333333333
up,153.889,0.46666666666666673
up,670.424,0.6416666666666667
up,647.318,0.6733333333333333
up,336.964,0.7899999999999999
up,482.066,0.426
up,433.014,0.5466666666666666
up,450.546,0.5387500000000001
up,548.349,0.51625
up,844.746,0.7333333333333333
up,624.08,0.6606666666666666
up,358.82,0.564
up,426.418,0.546
up,235.45,0.44333333333333336
up,409.588,0.6576923076923078
up,550.991,0.5816666666666667
up,408.835,0.562
up,340.669,0.79
up,465.022,0.7116666666666668
up,430.048,0.576
up,549.405,0.52875
up,474.632,0.7041666666666666
up,847.773,0.6773333333333332
up,476.207,0.6983333333333334
up,367.113,0.76
up,891.893,0.6161538461538462
up,896.091,0.6171428571428572
up,559.793,0.49374999999999997
up,868.914,0.7073333333333333
up,307.031,0.6291666666666667
up,878.029,0.6385714285714286
up,427.355,0.6216666666666667
up,447.858,0.7633333333333333
up,0.0,0.4834727703235991
up,180.28,0.45
up,130.334,0.89
up,126.816,0.88
up,165.575,0.643
up,144.416,0.54
up,266.694,0.6940000000000001
up,231.374,0.6288888888888888
up,134.794,0.6000000000000001
up,162.854,0.485
up,146.596,0.6325000000000001
up,472.38,0.5842857142857143
up,109.311,0.63
up,291.795,0.572
up,200.583,0.22833333333333336
up,194.935,0.7066666666666666
up,208.507,0.7142857142857143
up,342.158,0.85
up,126.837,0.6633333333333334
up,123.3,0.5475
up,97.431,0.5855555555555555
up,452.624,0.5416666666666666
up,284.662,0.6825
up,113.175,0.6883333333333334
up,300.142,0.42800000000000005
up,402.973,0.5075
up,101.954,0.6225
up,117.724,0.63
up,273.666,0.5533333333333333
up,925.102,0.634
up,145.702,0.54
up,142.162,0.7566666666666667
up,522.27,0.383
up,82.727,0.7275
up,293.483,0.43166666666666664
up,141.818,0.76
up,107.954,0.5900000000000001
up,68.549,0.6475
up,228.591,0.51
up,64.275,0.6
up,161.575,0.7162499999999999
up,524.605,0.4671428571428571
up,398.702,0.7416666666666667
up,608.977,0.3628571428571429
up,417.341,0.394
up,986.06,0.724375
up,337.284,0.5175000000000001
up,235.616,0.7633333333333333
up,127.985,0.6155555555555555
up,177.405,0.26
up,258.297,0.6283333333333333
up,265.336,0.5933333333333334
up,328.539,0.5158333333333334
up,331.431,0.86
up,538.329,0.4981818181818181
up,264.588,0.5963636363636363
up,221.981,0.51
up,198.677,0.765
up,759.456,0.524
up,129.623,0.6075
up,237.391,0.636
up,320.511,0.5475000000000001
up,202.615,0.7737499999999999
up,1237.661,0.6407142857142858
up,184.658,0.71
up,269.92,0.6133333333333333
up,199.121,0.45999999999999996
up,269.391,0.63
up,408.149,0.4957142857142857
up,468.961,0.5014285714285714
up,192.504,0.45999999999999996
up,472.909,0.45285714285714285
up,287.939,0.426
up,302.819,0.46166666666666667
up,469.471,0.5385714285714286
up,217.084,0.808
up,219.892,0.4325
up,373.402,0.6383333333333333
up,184.065,0.655
up,280.883,0.6025
up,294.091,0.6899999999999998
up,227.718,0.602
up,177.869,0.44333333333333336
up,190.993,0.554
up,244.234,0.624
up,180.56,0.484
up,314.24,0.8866666666666667
up,402.479,0.46875000000000006
up,328.301,0.5675
up,193.535,0.17
up,158.126,0.62
up,104.369,0.718
up,165.114,0.21
up,176.375,0.61
up,449.685,0.7020000000000001
up,160.641,0.35428571428571426
up,258.228,0.688
up,289.419,0.406
up,265.715,0.3425
up,150.073,0.76
up,230.793,0.7424999999999999
up,518.599,0.6016666666666667
up,197.015,0.7133333333333333
up,379.708,0.404
up,232.456,0.33199999999999996
up,95.837,0.71
up,250.158,0.5625
up,344.463,0.6822222222222222
up,231.753,0.3325
up,244.52,0.5533333333333333
up,407.053,0.41555555555555557
up,184.837,0.48500000000000004
up,261.989,0.6444444444444444
up,202.952,0.5449999999999999
up,556.065,0.46684210526315784
up,1031.151,0.6933333333333334
up,174.395,0.6266666666666666
up,261.988,0.43
up,384.879,0.77
up,205.425,0.656
up,234.539,0.49
up,356.149,0.4614285714285714
up,212.462,0.655
up,212.115,0.546
up,273.272,0.5599999999999999
up,381.773,0.838181818181818
up,417.786,0.4133333333333334
up,254.596,0.6216666666666667
up,125.662,0.91
up,161.747,0.27
up,238.391,0.8033333333333332
up,406.82,0.5007692307692307
up,451.546,0.7316666666666666
up,223.487,0.5333333333333333
up,373.003,0.725
up,265.123,0.4885714285714286
up,496.645,0.4511764705882353
up,196.85,0.39
up,257.984,0.7425
up,267.479,0.6157142857142857
up,374.026,0.3666666666666667
up,175.717,0.355
up,399.991,0.6566666666666666
up,354.918,0.5883333333333334
up,420.274,0.6885714285714286
up,285.502,0.78
up,239.053,0.6166666666666666
up,214.801,0.4699999999999999
up,787.974,0.6429411764705882
up,197.366,0.5940000000000001
up,365.978,0.56
up,439.52,0.6757142857142858
up,305.601,0.788
up,351.125,0.5333333333333333
up,559.338,0.5466666666666666
up,162.623,0.855
up,534.869,0.68
up,427.918,0.75625
up,268.6,0.615
up,497.576,0.5133333333333332
up,580.048,0.655
up,339.615,0.26
up,182.463,0.37714285714285717
up,732.972,0.8484615384615386
up,266.732,0.632
up,461.095,0.5783333333333334
up,277.116,0.64125
up,282.417,0.69
up,496.088,0.6466666666666666
up,260.119,0.67
up,482.749,0.7859999999999999
up,643.695,0.6833333333333333
up,349.532,0.46249999999999997
up,899.284,0.623529411764706
up,262.883,0.73
up,374.829,0.8250000000000001
up,534.602,0.3814285714285714
up,334.598,0.7166666666666668
up,300.686,0.505
up,311.867,0.675
up,497.433,0.6145454545454546
up,682.725,0.76
up,222.64,0.24333333333333332
up,301.138,0.508
up,597.468,0.5033333333333333
up,315.589,0.6
up,566.421,0.6064285714285714
up,367.026,0.61
up,702.235,0.5
up,525.626,0.692
up,440.9,0.49727272727272726
up,382.622,0.505
up,259.31,0.645
up,240.156,0.67
up,467.263,0.5977777777777777
up,337.655,0.4011111111111111
up,577.07,0.68
up,409.84,0.73
up,571.025,0.5616666666666666
up,745.338,0.8389473684210527
up,503.196,0.7333333333333334
up,620.861,0.4566666666666667
up,560.228,0.8379999999999999
up,324.695,0.78
up,537.005,0.7450000000000001
up,1753.701,0.7832258064516128
up,397.286,0.5525
up,1500.684,0.7839999999999999
up,387.19,0.8727272727272727
up,435.883,0.8712500000000001
up,523.264,0.6707692307692308
up,485.743,0.6942857142857143
up,757.587,0.8155555555555556
up,747.037,0.6738461538461539
up,342.348,0.7316666666666668
up,302.118,0.49000000000000005
up,580.109,0.625
up,574.656,0.8363636363636364
up,355.377,0.61
up,223.712,0.745
up,476.439,0.5233333333333333
up,477.491,0.7571428571428571
up,576.904,0.5071428571428572
up,792.197,0.5636363636363636
up,346.898,0.6641666666666667
up,925.944,0.8352631578947367
up,804.635,0.6905882352941177
up,526.492,0.6699999999999999
up,1471.946,0.6357894736842106
up,1062.88,0.656
up,416.997,0.60625
up,1840.218,0.6485714285714286
up,810.194,0.5860000000000001
up,483.485,0.6100000000000001
up,756.753,0.8443750000000001
up,1072.33,0.6727777777777777
up,855.632,0.73
up,792.244,0.640625
up,1225.517,0.7461904761904763
up,787.677,0.6000000000000001
up,630.391,0.7857142857142857
up,818.361,0.6779999999999998
up,1356.09,0.6003225806451614
up,1642.045,0.6322580645161291
up,1608.246,0.6623076923076924
up,0.0,0.49211340206185566
up,364.369,0.49090909090909085
up,399.167,0.215
up,256.289,0.53
up,279.196,0.202
up,748.09,0.682
up,334.888,0.45
up,215.853,0.6075
up,101.203,0.61875
up,346.023,0.4125
up,193.944,0.8133333333333334
up,308.17,0.59
up,327.461,0.3871428571428571
up,206.888,0.6666666666666666
up,444.336,0.2777777777777778
up,181.541,0.6233333333333333
up,184.884,0.6183333333333333
up,235.301,0.39799999999999996
up,205.804,0.5299999999999999
up,342.834,0.7144444444444444
up,185.358,0.6366666666666667
up,357.661,0.6
up,234.3,0.30599999999999994
up,322.085,0.48666666666666664
up,230.817,0.18142857142857147
up,248.271,0.4466666666666666
up,313.978,0.515
up,262.622,0.366
up,304.916,0.4000000000000001
up,390.978,0.68875
up,133.139,0.8083333333333332
up,209.265,0.4483333333333333
up,226.0,0.5900000000000001
up,335.991,0.405
up,217.417,0.5549999999999999
up,234.899,0.374
up,203.654,0.2966666666666667
up,102.92,0.30333333333333334
up,136.426,0.796
up,184.619,0.376
up,452.281,0.5335294117647059
up,262.9,0.7214285714285714
up,364.743,0.64
up,216.041,0.3425
up,169.353,0.4588888888888889
up,603.862,0.6814285714285714
up,317.059,0.534
up,327.214,0.36250000000000004
up,249.369,0.22857142857142856
up,330.569,0.4025
up,284.639,0.5549999999999999
up,258.603,0.74
up,191.076,0.5771428571428572
up,175.652,0.7374999999999999
up,354.648,0.37
up,166.434,0.71
up,244.277,0.315
up,229.054,0.588
up,180.392,0.57
up,268.851,0.725
up,185.708,0.35
up,395.368,0.42444444444444446
up,332.578,0.716
up,159.856,0.49750000000000005
up,246.44,0.5249999999999999
up,301.048,0.7033333333333333
up,205.236,0.3
up,339.483,0.41875
up,232.017,0.31333333333333335
up,196.082,0.6933333333333334
up,508.628,0.6116666666666667
up,266.424,0.6016666666666667
up,250.339,0.2925
up,321.335,0.48000000000000004
up,272.684,0.36624999999999996
up,382.572,0.64
up,279.403,0.82
up,225.823,0.46375
up,357.653,0.2733333333333333
up,435.84,0.6344444444444446
up,360.93,0.6733333333333333
up,322.397,0.4984615384615384
up,538.029,0.6683333333333334
up,249.561,0.81
up,298.371,0.7300000000000001
up,347.025,0.6683333333333333
up,229.745,0.39799999999999996
up,265.534,0.5442857142857143
up,366.402,0.45222222222222225
up,450.643,0.41
up,487.87,0.5383333333333334
up,252.731,0.6733333333333333
up,296.917,0.6737500000000001
up,398.154,0.5285714285714286
up,494.679,0.293
up,254.835,0.56
up,360.722,0.5575
up,200.806,0.6250000000000001
up,447.127,0.835
up,441.525,0.6433333333333334
up,291.895,0.5925
up,365.229,0.47250000000000003
up,245.881,0.5383333333333333
up,285.046,0.7999999999999999
up,357.342,0.6563636363636364
up,200.114,0.626
up,704.721,0.4080952380952381
up,385.3,0.55
up,523.556,0.5833333333333334
up,292.739,0.635
up,466.891,0.3725
up,436.67,0.506
up,860.188,0.465
up,398.147,0.3577777777777778
up,383.433,0.612
up,289.486,0.726
up,373.974,0.4716666666666667
up,185.784,0.57
up,292.728,0.735
up,551.297,0.5333333333333333
up,453.03,0.541
up,490.319,0.7276923076923077
up,419.318,0.5828571428571429
up,626.607,0.6733333333333332
up,489.076,0.5428571428571428
up,1086.811,0.6466666666666667
up,432.124,0.31
up,348.097,0.6459999999999999
up,549.572,0.3153846153846154
up,767.709,0.6516666666666666
up,532.9,0.4633333333333334
up,514.681,0.6042857142857143
up,799.798,0.6308333333333335
up,771.78,0.75
up,638.609,0.6566666666666667
up,508.193,0.5133333333333333
up,519.236,0.5171428571428571
up,377.87,0.6525000000000001
up,463.531,0.7
up,1515.274,0.6346666666666667
up,623.875,0.40894736842105267
up,682.813,0.7326666666666668
up,465.698,0.701875
up,551.005,0.5709090909090908
up,705.476,0.5475
up,1313.034,0.5426086956521738
up,883.645,0.6942857142857143
up,728.384,0.7339999999999999
up,925.926,0.6290909090909091
up,564.27,0.7811111111111111
up,878.086,0.625
up,1100.334,0.6362962962962962
up,1116.37,0.6205882352941177
up,1125.227,0.7665384615384616
up,1075.356,0.7573684210526316
up,1602.087,0.6600000000000001
up,2192.417,0.632093023255814
up,1277.536,0.7434615384615385
up,1209.991,0.716
up,5337.238,0.6891549295774648
up,0.0,0.5089015151515152
up,339.926,0.6036363636363636
up,350.561,0.54
up,1097.036,0.7111764705882353
up,1013.896,0.6490909090909089
up,260.235,0.40599999999999997
up,85.983,0.6966666666666667
up,358.872,0.31857142857142856
up,296.426,0.6325000000000001
up,73.238,0.4975
up,269.549,0.44875
up,357.061,0.39454545454545453
up,253.8,0.35714285714285715
up,364.095,0.6785714285714286
up,254.363,0.5044444444444445
up,378.728,0.335
up,176.772,0.584
up,231.179,0.39
up,116.223,0.772
up,139.043,0.404
up,272.111,0.43714285714285717
up,283.344,0.46399999999999997
up,255.213,0.366
up,430.76,0.6599999999999999
up,191.409,0.5375
up,369.656,0.645
up,269.85,0.2833333333333333
up,79.353,0.59
up,475.506,0.5479999999999999
up,145.179,0.6566666666666666
up,333.946,0.13999999999999999
up,357.429,0.53
up,316.667,0.69
up,317.928,0.5225
up,231.766,0.37333333333333335
up,201.307,0.42
up,199.906,0.48
up,173.688,0.5766666666666667
up,239.85,0.295
up,348.892,0.5275
up,276.317,0.5516666666666666
up,420.948,0.6275
up,346.83,0.5166666666666667
up,479.894,0.3855555555555556
up,213.58,0.71
up,221.305,0.38125000000000003
up,181.885,0.23200000000000004
up,507.708,0.48333333333333334
up,205.088,0.33428571428571424
up,4007.995,0.6601612903225806
up,247.084,0.6
up,354.676,0.6658333333333333
up,180.326,0.625
up,234.32,0.4566666666666667
up,348.015,0.31999999999999995
up,413.153,0.6130000000000001
up,79.032,0.4166666666666667
up,374.937,0.49
up,189.408,0.3216666666666667
up,530.505,0.62125
up,245.438,0.49799999999999994
up,348.633,0.2675
up,537.497,0.36181818181818187
up,281.03,0.68875
up,219.32,0.7474999999999999
up,264.692,0.31333333333333335
up,256.24,0.366
up,258.559,0.69
up,352.631,0.628
up,325.121,0.7142857142857143
up,136.782,0.4314285714285715
up,235.13,0.3457142857142857
up,306.087,0.5875
up,370.143,0.45166666666666666
up,230.312,0.6633333333333334
up,216.428,0.50875
up,873.581,0.6029411764705883
up,426.516,0.527142857142857
up,257.003,0.53
up,221.861,0.155
up,238.646,0.30999999999999994
up,284.299,0.332
up,278.629,0.406
up,247.893,0.372
up,215.241,0.6325000000000001
up,536.235,0.6200000000000001
up,283.393,0.768
up,272.113,0.63
up,391.131,0.6233333333333333
up,574.148,0.7983333333333333
up,290.155,0.4825
up,340.853,0.489090909090909
up,284.158,0.5879999999999999
up,269.872,0.3577777777777778
up,351.609,0.3333333333333333
up,228.454,0.505
up,280.779,0.49142857142857144
up,213.266,0.595
up,259.944,0.4625
up,379.326,0.5349999999999999
up,339.062,0.4583333333333334
up,342.19,0.7642857142857142
up,265.475,0.89
up,439.399,0.53
up,219.704,0.744
up,165.687,0.5457142857142857
up,379.468,0.5214285714285715
up,196.622,0.5283333333333333
up,511.693,0.79125
up,396.661,0.7066666666666667
up,226.313,0.55
up,357.072,0.2916666666666667
up,251.36,0.6266666666666666
up,434.103,0.6910000000000001
up,738.149,0.6241176470588234
up,681.177,0.7769999999999999
up,404.649,0.65625
up,508.476,0.36666666666666664
up,182.258,0.5988888888888889
up,435.723,0.205
up,464.29,0.5875
up,360.694,0.60625
up,311.615,0.5966666666666667
up,490.614,0.6279999999999999
up,608.994,0.6311111111111112
up,536.885,0.49375
up,329.703,0.5366666666666666
up,640.239,0.5626666666666668
up,669.078,0.602857142857143
up,415.814,0.8009090909090908
up,798.825,0.5079166666666667
up,537.111,0.624
up,435.667,0.5399999999999999
up,478.63,0.5244444444444445
up,311.893,0.586
up,329.826,0.64
up,590.092,0.37333333333333335
up,249.662,0.6475
up,548.964,0.65
up,1098.071,0.5286666666666666
up,835.938,0.6516666666666667
up,1034.746,0.6993750000000001
up,432.078,0.6733333333333333
up,616.593,0.7706666666666666
up,591.795,0.725
up,499.168,0.595
up,956.672,0.7011764705882354
up,846.939,0.5771428571428571
up,1466.259,0.73
up,912.458,0.7923076923076924
up,2775.942,0.6502000000000001
up,1231.647,0.6241176470588234
up,1131.226,0.6547826086956521
up,944.047,0.5852631578947369
up,1243.876,0.6114285714285714
up,2161.952,0.6606818181818181
up,1332.902,0.759047619047619
up,0.0,0.4900145560407569
up,4143.356,0.6193939393939394
up,508.225,0.6041666666666666
up,229.861,0.545
up,510.442,0.6025
up,88.32,0.672
up,85.723,0.6799999999999999
up,517.953,0.6316666666666667
up,89.317,0.6859999999999999
up,118.478,0.6657142857142857
up,117.727,0.6757142857142858
up,472.397,0.5688888888888889
up,106.497,0.7460000000000001
up,125.645,0.46749999999999997
up,229.041,0.535
up,117.388,0.6342857142857142
up,138.337,0.49333333333333335
up,290.646,0.735
up,341.847,0.7749999999999999
up,114.024,0.614
up,200.316,0.595
up,80.211,0.5133333333333333
up,228.575,0.595
up,123.634,0.606
up,261.356,0.5555555555555556
up,80.567,0.6000000000000001
up,112.148,0.5980000000000001
up,127.226,0.595
up,76.517,0.62
up,191.456,0.546
up,105.801,0.728
up,113.557,0.63
up,328.176,0.735
up,259.678,0.5522222222222223
up,286.162,0.735
up,139.386,0.402
up,105.297,0.7260000000000001
up,197.202,0.31
up,385.718,0.33999999999999997
up,81.315,0.49749999999999994
up,205.504,0.35
up,206.722,0.5625
up,468.374,0.51875
up,292.668,0.35333333333333333
up,196.141,0.386
up,478.633,0.6736363636363637
up,83.446,0.5175000000000001
up,281.311,0.4739999999999999
up,144.468,0.29833333333333334
up,207.278,0.61
up,484.329,0.5836363636363637
up,223.054,0.6485714285714286
up,143.175,0.30833333333333335
up,332.823,0.75
up,226.535,0.5266666666666667
up,607.94,0.38833333333333336
up,328.952,0.7885714285714286
up,143.724,0.27285714285714285
up,140.346,0.4428571428571429
up,200.043,0.5675
up,316.488,0.51
up,253.953,0.5588888888888889
up,284.89,0.592
up,499.826,0.6618181818181817
up,342.452,0.8242857142857142
up,316.353,0.555
up,369.525,0.32923076923076927
up,235.446,0.605
up,84.548,0.5075
up,209.639,0.5233333333333333
up,252.612,0.44
up,482.587,0.5315384615384615
up,425.425,0.16666666666666666
up,185.71,0.37750000000000006
up,318.546,0.55
up,485.561,0.6536363636363636
up,318.404,0.6218181818181818
up,462.893,0.5650000000000001
up,226.211,0.33666666666666667
up,255.625,0.45
up,196.902,0.5675
up,343.162,0.8171428571428571
up,228.895,0.6699999999999999
up,255.921,0.73
up,218.252,0.75
up,225.724,0.7485714285714286
up,229.152,0.49000000000000005
up,301.823,0.20333333333333334
up,643.968,0.36200000000000004
up,324.965,0.6254545454545454
up,255.931,0.4266666666666667
up,426.062,0.19666666666666666
up,208.273,0.515
up,184.308,0.21999999999999997
up,674.38,0.6459999999999999
up,184.773,0.35
up,534.5,0.34
up,216.563,0.4466666666666666
up,205.072,0.4883333333333333
up,468.552,0.5162500000000001
up,209.2,0.53
up,224.567,0.6757142857142858
up,457.786,0.73
up,640.158,0.41
up,431.447,0.46666666666666673
up,183.859,0.536
up,951.635,0.5319047619047619
up,422.876,0.47833333333333333
up,360.078,0.4525
up,237.079,0.438
up,208.937,0.48
up,218.949,0.7455555555555556
up,236.148,0.625
up,387.838,0.32909090909090905
up,110.48,0.515
up,415.786,0.16666666666666666
up,429.235,0.47833333333333333
up,245.001,0.59
up,227.794,0.472
up,811.219,0.7254545454545455
up,190.177,0.5883333333333333
up,193.365,0.516
up,191.269,0.6039999999999999
up,229.579,0.63
up,658.958,0.6071428571428571
up,192.48,0.5585714285714286
up,208.735,0.44
up,327.279,0.61
up,665.689,0.5949999999999999
up,243.904,0.5733333333333334
up,539.485,0.345
up,654.55,0.6144444444444443
up,292.721,0.535
up,206.785,0.85
up,111.073,0.4733333333333334
up,223.296,0.74
up,210.197,0.5675
up,247.906,0.426
up,238.294,0.438
up,176.557,0.54
up,292.043,0.5377777777777778
up,658.658,0.44083333333333324
up,620.582,0.4583333333333334
up,283.719,0.54625
up,373.719,0.4575
up,189.114,0.5980000000000001
up,181.755,0.51
up,606.131,0.6885714285714286
up,205.497,0.79
up,185.783,0.4699999999999999
up,111.77,0.4633333333333333
up,179.233,0.56
up,389.613,0.768
up,186.294,0.8366666666666666
up,287.734,0.5277777777777778
up,351.296,0.4266666666666667
up,354.317,0.5785714285714285
up,593.876,0.429
up,242.304,0.4575
up,357.824,0.57
up,354.224,0.5771428571428572
up,730.986,0.7895238095238096
up,221.849,0.722
up,646.192,0.5774999999999999
up,526.313,0.4055555555555556
up,680.399,0.61
up,211.5,0.724
up,942.75,0.5370833333333334
up,962.709,0.52875
up,216.043,0.7300000000000001
up,628.509,0.7057142857142856
up,447.1,0.5733333333333334
up,638.534,0.6921428571428573
up,855.813,0.726111111111111
up,632.34,0.72125
up,431.672,0.608
up,437.535,0.49222222222222217
up,667.788,0.58
up,666.558,0.6849999999999999
up,446.287,0.44333333333333336
up,781.089,0.5592857142857144
up,748.893,0.8061904761904761
up,559.387,0.5244444444444444
up,764.011,0.6035714285714285
up,507.505,0.535
up,517.129,0.5599999999999999
up,649.431,0.741111111111111
up,588.318,0.4933333333333333
up,406.213,0.5011111111111111
up,776.693,0.8186666666666667
up,742.437,0.5692857142857143
up,775.944,0.82
up,819.771,0.5749999999999998
up,456.751,0.44857142857142857
up,392.445,0.771
up,508.351,0.5591666666666667
up,524.342,0.71
up,396.936,0.765
up,1511.287,0.6308823529411763
up,1543.272,0.6313157894736844
up,864.942,0.6749999999999999
up,753.988,0.8095238095238095
up,778.801,0.6758823529411764
up,1140.481,0.595
up,782.165,0.8505882352941176
up,827.03,0.6238888888888889
up,661.492,0.6885714285714286
up,870.483,0.6523076923076924
up,1203.293,0.6471428571428572
up,881.451,0.6399999999999999
up,1491.433,0.6357894736842106
up,770.58,0.6175
up,4241.732,0.7275806451612903
up,1178.248,0.6360714285714285
up,1061.714,0.6029166666666667
up,881.388,0.7306666666666667
closed,0.0,0.5402866043613708
closed,133.263,0.62
closed,878.33,0.68125
closed,113.387,0.655
closed,132.025,0.7125000000000001
closed,480.741,0.65375
closed,320.31,0.38499999999999995
closed,130.014,0.7325
closed,473.853,0.7814285714285714
closed,521.828,0.655
closed,466.998,0.7057142857142857
closed,211.11,0.5866666666666667
closed,251.798,0.45200000000000007
closed,253.261,0.6133333333333333
closed,305.093,0.37333333333333335
closed,214.827,0.61
closed,475.609,0.7185714285714286
closed,313.809,0.394
closed,884.555,0.6607692307692307
closed,307.208,0.355
closed,392.233,0.7525
closed,343.492,0.48200000000000004
closed,254.576,0.6266666666666666
closed,256.939,0.5666666666666668
closed,296.914,0.3666666666666667
closed,309.951,0.39999999999999997
closed,253.526,0.48599999999999993
closed,886.959,0.5823076923076923
closed,303.959,0.39249999999999996
closed,193.54,0.5933333333333333
closed,877.611,0.6895833333333333
closed,614.55,0.7055555555555555
closed,483.654,0.6499999999999999
closed,2031.608,0.6732
closed,309.693,0.40875
closed,252.946,0.488
closed,388.857,0.7224999999999999
closed,299.055,0.37777777777777777
closed,345.915,0.545
closed,299.12,0.38333333333333336
closed,306.85,0.3875
closed,205.098,0.635
closed,564.329,0.6141176470588235
closed,197.762,0.66
closed,192.439,0.43600000000000005
closed,584.558,0.50875
closed,200.608,0.4760000000000001
closed,496.212,0.64625
closed,301.327,0.28333333333333327
closed,513.624,0.48200000000000004
closed,211.245,0.6266666666666667
closed,904.147,0.7095833333333333
closed,250.968,0.6619999999999999
closed,204.728,0.785
closed,368.334,0.33999999999999997
closed,386.103,0.725
closed,379.71,0.4475
closed,203.116,0.6733333333333333
closed,340.818,0.7250000000000001
closed,139.254,0.365
closed,340.947,0.775
closed,642.213,0.5522222222222223
closed,194.333,0.5666666666666665
closed,377.876,0.5225
closed,533.32,0.495
closed,385.799,0.666
closed,305.312,0.3
closed,202.042,0.5157142857142857
closed,626.047,0.7188888888888889
closed,580.67,0.6188888888888888
closed,365.01,0.28800000000000003
closed,251.323,0.665
closed,313.238,0.425
closed,139.546,0.415
closed,251.947,0.845
closed,563.745,0.6058823529411764
closed,519.974,0.5533333333333333
closed,191.871,0.65
closed,880.219,0.6769230769230768
closed,138.282,0.365
closed,256.528,0.77
closed,193.927,0.6016666666666667
closed,248.324,0.6499999999999999
closed,193.819,0.6833333333333332
closed,243.563,0.325
closed,633.548,0.6437499999999999
closed,355.32,0.466
closed,620.653,0.53
closed,376.759,0.5466666666666667
closed,333.672,0.775
closed,331.892,0.808
closed,108.112,0.8583333333333334
closed,464.381,0.52
closed,686.342,0.609
closed,351.969,0.4700000000000001
closed,247.074,0.3283333333333333
closed,601.728,0.7388235294117648
closed,250.336,0.8466666666666667
closed,668.084,0.5390909090909091
closed,327.274,0.765
closed,371.871,0.274
closed,309.988,0.40125
closed,690.168,0.5825
closed,380.84,0.6772727272727272
closed,573.964,0.5876470588235294
closed,658.948,0.47952380952380963
closed,781.979,0.5050000000000001
closed,771.248,0.4869230769230769
closed,252.693,0.3283333333333333
closed,191.94,0.6475
closed,380.308,0.7033333333333333
closed,106.658,0.6749999999999999
closed,627.819,0.7474999999999999
closed,451.621,0.5041666666666667
closed,117.485,0.7633333333333333
closed,190.25,0.69
closed,189.841,0.63
closed,577.089,0.5489999999999999
closed,642.611,0.5142857142857143
closed,452.609,0.4792857142857142
closed,2010.321,0.7234375
closed,1984.448,0.7048387096774194
closed,377.101,0.5866666666666667
closed,465.682,0.5862499999999999
closed,642.324,0.6836363636363636
closed,428.786,0.6183333333333334
closed,474.775,0.528
closed,591.795,0.7488235294117648
closed,433.283,0.5866666666666666
closed,203.321,0.7200000000000001
closed,447.884,0.51
closed,765.479,0.48428571428571426
closed,644.404,0.4904761904761905
closed,1120.927,0.6192857142857143
closed,1198.119,0.6572
closed,330.794,0.7533333333333334
closed,1178.564,0.6607142857142857
closed,1180.586,0.7282352941176471
closed,1079.032,0.6092857142857142
closed,1097.046,0.6164285714285714
closed,1193.856,0.6485714285714286
closed,1132.268,0.655
closed,1148.246,0.7421052631578947
closed,602.579,0.8122222222222223
closed,1063.63,0.6652941176470588
closed,1115.97,0.6705882352941177
closed,1097.53,0.6423529411764706
closed,0.0,0.5196598639455782
closed,2467.017,0.5871929824561405
closed,112.566,0.565
closed,82.586,0.5800000000000001
closed,244.977,0.38833333333333336
closed,83.969,0.5875
closed,429.404,0.44000000000000006
closed,82.01,0.575
closed,319.092,0.25666666666666665
closed,318.721,0.24666666666666667
closed,242.637,0.3933333333333333
closed,423.324,0.6924999999999999
closed,422.155,0.6925
closed,199.522,0.48666666666666664
closed,239.359,0.35833333333333334
closed,1067.754,0.5504761904761905
closed,320.676,0.34833333333333333
closed,422.21,0.625
closed,296.635,0.3925
closed,186.367,0.7300000000000001
closed,217.472,0.4316666666666667
closed,304.566,0.5533333333333333
closed,122.775,0.39249999999999996
closed,513.712,0.6062500000000001
closed,215.449,0.7983333333333333
closed,225.432,0.35250000000000004
closed,329.034,0.365
closed,222.925,0.35750000000000004
closed,179.233,0.4075
closed,240.81,0.6214285714285716
closed,253.693,0.7385714285714285
closed,227.767,0.355
closed,121.044,0.39
closed,483.665,0.6455555555555555
closed,176.999,0.3725
closed,220.432,0.8366666666666666
closed,807.794,0.6718181818181819
closed,237.39,0.5383333333333334
closed,240.397,0.6142857142857142
closed,231.525,0.5428571428571428
closed,168.42,0.828
closed,219.336,0.38799999999999996
closed,286.685,0.385
closed,278.054,0.65
closed,347.068,0.22999999999999998
closed,308.109,0.5975000000000001
closed,173.605,0.8119999999999999
closed,194.111,0.5625
closed,318.731,0.24666666666666667
closed,239.919,0.51
closed,201.258,0.48000000000000004
closed,225.415,0.388
closed,354.896,0.61625
closed,189.945,0.6325000000000001
closed,187.537,0.8066666666666666
closed,358.145,0.7572727272727273
closed,248.52,0.44000000000000006
closed,198.847,0.49333333333333335
closed,165.861,0.62
closed,247.732,0.44000000000000006
closed,154.251,0.7399999999999999
closed,231.32,0.5716666666666667
closed,427.754,0.5433333333333333
closed,362.571,0.595
closed,350.616,0.22125
closed,256.352,0.7171428571428571
closed,304.52,0.32125000000000004
closed,826.669,0.6469230769230769
closed,296.043,0.2825
closed,178.757,0.385
closed,498.52,0.6757142857142858
closed,248.552,0.47875
closed,353.371,0.7722222222222224
closed,218.43,0.8466666666666667
closed,321.047,0.7275
closed,184.886,0.7374999999999999
closed,195.309,0.584
closed,172.726,0.8320000000000001
closed,474.438,0.8033333333333333
closed,219.996,0.5555555555555556
closed,150.466,0.7266666666666666
closed,181.479,0.8240000000000001
closed,261.225,0.7099999999999999
closed,226.519,0.5457142857142857
closed,307.554,0.6983333333333334
closed,301.726,0.34125000000000005
closed,306.204,0.6316666666666667
closed,260.751,0.7300000000000001
closed,223.228,0.56
closed,216.608,0.89
closed,495.712,0.65
closed,187.055,0.8033333333333333
closed,483.908,0.6708333333333333
closed,244.199,0.8383333333333334
closed,308.205,0.33499999999999996
closed,236.423,0.5199999999999999
closed,1249.964,0.6485
closed,213.953,0.55
closed,275.006,0.6
closed,242.538,0.5974999999999999
closed,331.072,0.7000000000000001
closed,150.166,0.6933333333333334
closed,246.982,0.59
closed,372.157,0.7250000000000001
closed,259.237,0.82
closed,317.64,0.3533333333333333
closed,494.879,0.4717647058823529
closed,120.145,0.38
closed,354.852,0.23857142857142857
closed,306.507,0.5666666666666667
closed,274.567,0.5777777777777778
closed,382.452,0.6533333333333333
closed,213.846,0.8550000000000001
closed,285.127,0.48666666666666675
closed,449.196,0.42538461538461536
closed,304.637,0.5777777777777777
closed,279.956,0.47666666666666674
closed,214.692,0.885
closed,190.446,0.8433333333333333
closed,275.439,0.6633333333333333
closed,456.673,0.5025
closed,806.513,0.6492857142857142
closed,271.719,0.5611111111111112
closed,215.94,0.8150000000000001
closed,446.419,0.5333333333333333
closed,349.581,0.344
closed,271.008,0.6316666666666667
closed,550.626,0.6266666666666667
closed,455.38,0.43461538461538474
closed,275.85,0.6174999999999999
closed,214.302,0.7866666666666666
closed,217.743,0.8933333333333334
closed,247.757,0.71
closed,498.85,0.59375
closed,458.092,0.604
closed,459.161,0.64
closed,531.607,0.7666666666666666
closed,549.324,0.7799999999999999
closed,1039.825,0.6300000000000001
closed,1089.973,0.5857692307692308
closed,457.9,0.59
closed,433.128,0.7342857142857142
closed,1892.504,0.7796666666666666
closed,380.732,0.6583333333333333
closed,248.751,0.6433333333333333
closed,1078.053,0.5788461538461539
closed,783.403,0.6738461538461537
closed,530.709,0.8133333333333331
closed,1209.945,0.61
closed,508.205,0.4788888888888889
closed,443.4,0.7557142857142856
closed,1032.946,0.6389473684210527
closed,369.167,0.7060000000000001
closed,442.903,0.7457142857142858
closed,742.987,0.6939999999999998
closed,1204.262,0.6152631578947368
closed,738.97,0.6694736842105264
closed,387.609,0.7354545454545455
closed,1246.729,0.5968181818181818
closed,485.497,0.8555555555555556
closed,577.998,0.5766666666666667
closed,473.074,0.8533333333333333
closed,754.063,0.6733333333333333
closed,790.395,0.6960000000000001
closed,450.353,0.5860000000000001
closed,450.132,0.4476923076923077
closed,1096.703,0.6359999999999999
closed,1258.245,0.8239393939393939
closed,775.308,0.72
closed,1246.747,0.8248484848484849
closed,248.336,0.7583333333333333
closed,455.698,0.5780000000000001
closed,938.095,0.7675000000000001
closed,576.396,0.6108333333333333
closed,945.917,0.7276470588235293
closed,569.905,0.6591666666666667
closed,876.391,0.7368750000000001
closed,564.331,0.6679999999999999
closed,0.0,0.5213508920985557
closed,170.871,0.7100000000000001
closed,383.816,0.63625
closed,175.51,0.7060000000000001
closed,471.526,0.7183333333333333
closed,108.035,0.44333333333333336
closed,112.59,0.39
closed,111.026,0.6333333333333333
closed,115.609,0.39399999999999996
closed,110.055,0.6233333333333334
closed,381.779,0.5872727272727273
closed,194.598,0.324
closed,200.161,0.32199999999999995
closed,167.667,0.7059999999999998
closed,115.242,0.39199999999999996
closed,330.973,0.296
closed,166.299,0.305
closed,385.827,0.7633333333333333
closed,200.443,0.302
closed,330.648,0.5800000000000001
closed,320.836,0.3
closed,204.936,0.7000000000000001
closed,489.963,0.7183333333333333
closed,197.248,0.39333333333333337
closed,384.297,0.560909090909091
closed,198.207,0.7000000000000001
closed,233.685,0.45
closed,169.752,0.2757142857142857
closed,193.034,0.46
closed,258.573,0.4716666666666667
closed,316.823,0.5800000000000001
closed,50.077,0.41
closed,317.332,0.248
closed,380.287,0.7200000000000001
closed,47.947,0.41
closed,49.784,0.4133333333333333
closed,374.944,0.7533333333333333
closed,377.98,0.6399999999999999
closed,241.743,0.6588888888888889
closed,690.66,0.7171428571428571
closed,258.667,0.64
closed,582.052,0.45230769230769224
closed,360.926,0.3466666666666667
closed,160.8,0.54
closed,227.257,0.4575
closed,689.132,0.7900000000000001
closed,354.572,0.33
closed,218.914,0.4525
closed,171.86,0.6349999999999999
closed,485.718,0.6483333333333333
closed,401.297,0.67125
closed,314.072,0.5175000000000001
closed,587.47,0.6833333333333335
closed,885.584,0.5133333333333333
closed,246.339,0.6588888888888889
closed,133.317,0.51
closed,251.686,0.485
closed,528.86,0.62
closed,325.46,0.6
closed,259.025,0.6625
closed,660.688,0.5808333333333334
closed,225.311,0.45
closed,555.868,0.4977777777777777
closed,208.422,0.74
closed,252.184,0.42
closed,262.569,0.6039999999999999
closed,201.93,0.6849999999999999
closed,257.749,0.3371428571428572
closed,223.627,0.56
closed,229.276,0.4625
closed,416.653,0.465
closed,859.534,0.533
closed,363.144,0.5137499999999999
closed,225.518,0.54
closed,421.66,0.4333333333333333
closed,569.493,0.49214285714285716
closed,826.839,0.6107142857142858
closed,310.551,0.5549999999999999
closed,241.84,0.6411111111111111
closed,270.919,0.6849999999999999
closed,311.788,0.585
closed,821.398,0.6849999999999999
closed,271.164,0.5675
closed,158.741,0.711111111111111
closed,160.077,0.72
closed,262.755,0.51
closed,202.701,0.30333333333333334
closed,912.855,0.5808333333333333
closed,437.96,0.4483333333333333
closed,181.834,0.845
closed,253.065,0.5
closed,82.571,0.755
closed,346.453,0.7366666666666667
closed,258.572,0.634
closed,201.682,0.5083333333333333
closed,257.239,0.72
closed,834.93,0.6699999999999999
closed,205.685,0.59
closed,260.091,0.44999999999999996
closed,181.077,0.84
closed,194.562,0.6366666666666667
closed,157.131,0.6944444444444444
closed,678.914,0.8066666666666666
closed,200.737,0.558
closed,348.259,0.4855555555555556
closed,337.751,0.7133333333333334
closed,262.361,0.5133333333333333
closed,958.912,0.7374999999999999
closed,345.284,0.71
closed,210.425,0.31
closed,253.929,0.5666666666666667
closed,230.514,0.68
closed,255.829,0.28800000000000003
closed,357.803,0.332
closed,244.991,0.6433333333333334
closed,132.785,0.47
closed,189.287,0.7366666666666667
closed,423.149,0.390909090909091
closed,350.908,0.8200000000000001
closed,179.23,0.76
closed,422.663,0.39999999999999997
closed,570.187,0.5411764705882353
closed,663.086,0.587
closed,354.945,0.84
closed,196.928,0.6379999999999999
closed,281.349,0.52
closed,938.958,0.6054545454545455
closed,497.563,0.605
closed,487.657,0.6126666666666666
closed,209.929,0.06
closed,401.997,0.43600000000000005
closed,346.633,0.7166666666666668
closed,592.587,0.7545454545454544
closed,212.914,0.4833333333333334
closed,255.488,0.6233333333333334
closed,215.845,0.8333333333333334
closed,428.581,0.4081818181818182
closed,337.667,0.7675000000000001
closed,135.58,0.5085714285714287
closed,352.708,0.875
closed,850.01,0.4585714285714285
closed,352.612,0.835
closed,235.571,0.75
closed,233.761,0.775
closed,342.527,0.6960000000000001
closed,363.908,0.352
closed,283.37,0.535
closed,914.437,0.5784615384615385
closed,213.183,0.3133333333333333
closed,240.7,0.7
closed,469.71,0.7350000000000001
closed,313.44,0.88
closed,356.23,0.5655555555555556
closed,350.84,0.88
closed,446.279,0.7533333333333333
closed,229.549,0.6366666666666666
closed,261.67,0.502
closed,219.749,0.66
closed,687.679,0.6364285714285715
closed,253.378,0.3733333333333333
closed,291.255,0.885
closed,651.873,0.5914285714285714
closed,516.773,0.575
closed,677.095,0.6858333333333334
closed,237.435,0.75
closed,285.577,0.5825
closed,241.602,0.81
closed,479.308,0.6153333333333333
closed,383.456,0.695
closed,592.799,0.7476923076923077
closed,603.549,0.6853846153846153
closed,460.919,0.675
closed,397.861,0.45600000000000007
closed,461.958,0.75
closed,592.102,0.6677777777777778
closed,675.974,0.64
closed,844.595,0.7346153846153847
closed,258.231,0.45
closed,435.345,0.76
closed,865.746,0.4904545454545454
closed,506.529,0.5744444444444444
closed,705.647,0.7770588235294118
closed,947.08,0.7127777777777777
closed,389.641,0.8350000000000001
closed,395.772,0.4600000000000001
closed,838.794,0.5137499999999999
closed,839.96,0.7899999999999999
closed,480.096,0.624
closed,999.408,0.7420833333333333
closed,702.834,0.7133333333333334
closed,372.899,0.7050000000000001
closed,391.744,0.8200000000000001
closed,375.61,0.8
closed,603.224,0.6754545454545454
closed,991.324,0.7480000000000001
closed,713.627,0.7859999999999999
closed,381.57,0.7192307692307693
closed,705.763,0.7184210526315788
closed,1157.37,0.7451851851851852
closed,725.499,0.667
closed,1029.809,0.7177272727272728
closed,1275.195,0.6170833333333333
closed,1283.963,0.6439285714285715
closed,1329.705,0.671875
closed,492.395,0.7345454545454545
closed,439.842,0.665
closed,433.036,0.7333333333333333
closed,451.803,0.7133333333333333
closed,717.922,0.7278571428571429
closed,335.207,0.7208333333333333
closed,480.703,0.7654545454545455
closed,722.61,0.6735714285714286
closed,2412.77,0.7184
closed,2030.46,0.685
closed,1947.216,0.733225806451613
closed,1908.126,0.7310000000000001
closed,0.0,0.4961560283687943
closed,259.833,0.5263636363636364
closed,260.608,0.5045454545454545
closed,108.226,0.445
closed,111.36,0.5133333333333333
closed,294.48,0.1411111111111111
closed,105.507,0.515
closed,112.389,0.81
closed,860.792,0.5828571428571429
closed,450.153,0.71
closed,255.135,0.5254545454545455
closed,112.886,0.7300000000000001
closed,297.237,0.16666666666666669
closed,499.329,0.5722222222222222
closed,868.179,0.6285714285714287
closed,269.281,0.5883333333333334
closed,285.913,0.585
closed,241.65,0.39499999999999996
closed,114.984,0.76
closed,282.679,0.4483333333333333
closed,294.751,0.19111111111111112
closed,244.532,0.225
closed,204.305,0.39999999999999997
closed,241.306,0.15333333333333332
closed,304.73,0.74
closed,241.851,0.405
closed,371.9,0.496
closed,307.104,0.7333333333333334
closed,196.961,0.7433333333333333
closed,340.925,0.466
closed,296.663,0.33
closed,306.479,0.77
closed,281.312,0.47333333333333333
closed,258.607,0.4
closed,246.424,0.14500000000000002
closed,295.791,0.3071428571428571
closed,236.401,0.6525
closed,300.062,0.2883333333333334
closed,386.607,0.35000000000000003
closed,258.017,0.40249999999999997
closed,284.415,0.6166666666666666
closed,355.524,0.3733333333333333
closed,231.609,0.6385714285714287
closed,229.423,0.6575000000000001
closed,360.757,0.6449999999999999
closed,672.35,0.5133333333333333
closed,366.402,0.36777777777777776
closed,339.015,0.5225
closed,486.183,0.6433333333333333
closed,310.662,0.67
closed,343.073,0.5237499999999999
closed,278.207,0.465
closed,235.481,0.4057142857142857
closed,240.107,0.41333333333333333
closed,264.033,0.6479999999999999
closed,205.491,0.4666666666666666
closed,293.552,0.71
closed,204.466,0.4766666666666666
closed,293.311,0.7166666666666667
closed,86.285,0.77
closed,297.225,0.8066666666666666
closed,653.049,0.6133333333333333
closed,243.642,0.45625
closed,369.81,0.5285714285714286
closed,228.924,0.4242857142857143
closed,245.306,0.46124999999999994
closed,231.069,0.4228571428571429
closed,270.984,0.6242857142857142
closed,257.153,0.19
closed,276.937,0.628
closed,659.157,0.45333333333333337
closed,275.272,0.7071428571428572
closed,177.677,0.6583333333333333
closed,241.013,0.605
closed,262.443,0.724
closed,84.08,0.785
closed,555.065,0.44529411764705884
closed,454.087,0.6588888888888889
closed,262.782,0.39
closed,397.311,0.44
closed,300.463,0.5487500000000001
closed,298.197,0.67
closed,247.432,0.50375
closed,858.358,0.563076923076923
closed,367.627,0.6933333333333334
closed,256.931,0.385
closed,266.388,0.6771428571428572
closed,376.763,0.65125
closed,454.605,0.63
closed,238.826,0.78
closed,291.886,0.5427272727272727
closed,187.15,0.5716666666666667
closed,251.205,0.45
closed,302.642,0.6950000000000001
closed,242.583,0.605
closed,413.478,0.7242857142857143
closed,224.253,0.62
closed,647.916,0.677142857142857
closed,85.921,0.775
closed,578.897,0.6553846153846153
closed,275.258,0.5916666666666667
closed,220.107,0.61
closed,908.561,0.5563157894736843
closed,596.531,0.35533333333333333
closed,685.339,0.5233333333333334
closed,388.06,0.3211111111111111
closed,266.123,0.6485714285714286
closed,389.307,0.3255555555555556
closed,405.181,0.42874999999999996
closed,408.245,0.7428571428571429
closed,330.142,0.6933333333333334
closed,382.135,0.3522222222222222
closed,294.242,0.515
closed,462.563,0.641
closed,649.307,0.618235294117647
closed,365.739,0.6399999999999999
closed,125.856,0.65
closed,265.658,0.6528571428571429
closed,293.434,0.5014285714285714
closed,167.524,0.735
closed,636.591,0.8183333333333334
closed,390.233,0.76
closed,905.813,0.5721052631578947
closed,181.211,0.5633333333333334
closed,265.143,0.7128571428571429
closed,164.575,0.725
closed,302.446,0.5879999999999999
closed,898.147,0.5626315789473685
closed,238.73,0.6074999999999999
closed,490.81,0.4758333333333334
closed,564.124,0.6815384615384616
closed,339.085,0.5
closed,347.361,0.66
closed,163.243,0.745
closed,427.154,0.62
closed,589.624,0.35666666666666663
closed,396.075,0.7350000000000001
closed,747.294,0.7133333333333334
closed,497.03,0.64
closed,471.576,0.7142857142857143
closed,472.616,0.74
closed,641.948,0.7616666666666667
closed,383.966,0.3344444444444445
closed,638.824,0.6158823529411765
closed,281.822,0.5529999999999999
closed,978.654,0.58375
closed,565.617,0.6792307692307692
closed,763.512,0.7084615384615384
closed,754.942,0.734
closed,577.481,0.388
closed,403.848,0.6112500000000001
closed,619.748,0.6785714285714286
closed,397.818,0.68
closed,641.135,0.6405882352941177
closed,211.859,0.5366666666666667
closed,395.192,0.767
closed,401.34,0.767
closed,479.737,0.45333333333333337
closed,550.765,0.47000000000000003
closed,641.524,0.6928571428571428
closed,1336.228,0.6646666666666666
closed,1314.25,0.6758620689655173
closed,555.567,0.47941176470588237
closed,1350.084,0.766
closed,401.135,0.6288888888888888
closed,613.45,0.7391666666666666
closed,810.597,0.798888888888889
closed,902.911,0.617
closed,608.98,0.7949999999999999
closed,813.204,0.8138888888888888
closed,845.31,0.8083333333333333
closed,871.579,0.6222222222222222
closed,612.805,0.7816666666666666
closed,880.656,0.6155555555555555
closed,3047.22,0.6068518518518516
closed,2360.595,0.6118181818181818
closed,1280.664,0.650625
closed,2902.131,0.6146296296296296
closed,1166.843,0.7866666666666668
closed,1167.414,0.681875
closed,1295.709,0.641875
closed,2025.61,0.692
closed,0.0,0.5165283982131461
closed,201.868,0.521
closed,202.252,0.545
closed,118.716,0.3757142857142857
closed,120.353,0.3928571428571428
closed,123.191,0.37714285714285717
closed,326.409,0.43111111111111117
closed,369.017,0.6985714285714285
closed,88.048,0.615
closed,330.756,0.43374999999999997
closed,155.45,0.79
closed,158.085,0.7999999999999999
closed,195.365,0.4383333333333333
closed,293.685,0.59
closed,567.339,0.6622222222222222
closed,310.355,0.6479999999999999
closed,156.41,0.65
closed,119.708,0.4750000000000001
closed,291.642,0.57
closed,254.444,0.3183333333333333
closed,355.31,0.4422222222222223
closed,366.081,0.43800000000000006
closed,247.316,0.565
closed,150.283,0.834
closed,149.607,0.6433333333333334
closed,146.183,0.6466666666666666
closed,365.787,0.41000000000000003
closed,231.302,0.5925
closed,310.996,0.48750000000000004
closed,145.926,0.63
closed,385.889,0.6
closed,236.867,0.615
closed,138.886,0.594
closed,442.104,0.66
closed,976.631,0.658888888888889
closed,163.294,0.4366666666666667
closed,408.811,0.574
closed,192.996,0.4183333333333334
closed,674.077,0.6175
closed,383.616,0.537
closed,612.797,0.44846153846153847
closed,428.154,0.5660000000000001
closed,187.408,0.47666666666666674
closed,160.176,0.5100000000000001
closed,426.371,0.6466666666666666
closed,372.593,0.7533333333333333
closed,669.76,0.6253846153846153
closed,139.8,0.6040000000000001
closed,141.733,0.6625000000000001
closed,393.416,0.5559999999999999
closed,677.983,0.6000000000000001
closed,406.275,0.30666666666666664
closed,159.53,0.5233333333333334
closed,152.857,0.842
closed,148.436,0.6559999999999999
closed,323.246,0.485
closed,250.49,0.52
closed,233.693,0.5775
closed,290.973,0.5283333333333333
closed,231.075,0.565
closed,293.156,0.5133333333333333
closed,314.172,0.6460000000000001
closed,417.947,0.27666666666666667
closed,330.46,0.534
closed,292.864,0.42
closed,529.86,0.73
closed,243.204,0.564
closed,608.749,0.45461538461538464
closed,380.713,0.745
closed,309.686,0.34625
closed,290.989,0.5116666666666667
closed,326.309,0.5144444444444445
closed,380.42,0.7333333333333334
closed,320.134,0.4925
closed,420.137,0.7999999999999999
closed,100.267,0.7433333333333333
closed,400.889,0.27714285714285714
closed,381.287,0.5883333333333334
closed,490.503,0.6018181818181817
closed,381.156,0.42500000000000004
closed,302.914,0.6089999999999999
closed,334.011,0.4722222222222222
closed,309.213,0.346
closed,316.817,0.508
closed,231.2,0.726
closed,397.863,0.704
closed,241.317,0.545
closed,246.964,0.5166666666666667
closed,248.421,0.4923076923076923
closed,383.234,0.634
closed,373.554,0.46499999999999997
closed,401.874,0.59
closed,318.711,0.394
closed,271.923,0.6816666666666668
closed,271.435,0.6708333333333334
closed,322.845,0.5477777777777778
closed,657.301,0.7644444444444445
closed,231.191,0.718
closed,328.05,0.7
closed,515.779,0.7866666666666667
closed,233.763,0.58
closed,496.188,0.5984615384615385
closed,331.197,0.346
closed,746.973,0.652
closed,307.505,0.39833333333333326
closed,241.458,0.514
closed,240.925,0.49400000000000005
closed,211.844,0.62
closed,478.999,0.7842857142857144
closed,499.335,0.7441666666666666
closed,378.373,0.425
closed,717.986,0.741111111111111
closed,1732.027,0.715
closed,336.39,0.91
closed,302.624,0.42400000000000004
closed,250.941,0.48666666666666664
closed,495.128,0.5823076923076923
closed,488.259,0.7433333333333333
closed,272.162,0.6742857142857144
closed,269.096,0.6341666666666667
closed,313.934,0.815
closed,275.573,0.6057142857142856
closed,334.403,0.815
closed,685.237,0.7422222222222222
closed,670.466,0.7324999999999999
closed,270.89,0.5957142857142858
closed,346.795,0.5071428571428572
closed,1785.612,0.7112903225806454
closed,355.984,0.5214285714285715
closed,649.979,0.76
closed,738.205,0.40761904761904766
closed,1131.93,0.7454838709677419
closed,755.388,0.6560000000000001
closed,876.442,0.5754545454545456
closed,330.329,0.7300000000000001
closed,1250.124,0.648
closed,507.787,0.6126666666666668
closed,1737.021,0.6124
closed,548.323,0.8033333333333333
closed,540.738,0.5578571428571428
closed,615.604,0.6171428571428572
closed,2984.531,0.6927272727272727
closed,2841.472,0.69375
closed,2839.714,0.6710714285714285
closed,1671.796,0.6036
closed,1715.101,0.5630769230769231
closed,1689.4,0.6130769230769231
locked,0.0,0.5325478194338179
locked,128.445,0.645
locked,137.171,0.4725
locked,129.195,0.6799999999999999
locked,129.608,0.6825
locked,591.901,0.681
locked,1048.515,0.6693333333333332
locked,1026.638,0.7013333333333333
locked,128.242,0.6166666666666667
locked,260.396,0.536
locked,356.79,0.31375
locked,138.262,0.5225000000000001
locked,987.955,0.6666666666666665
locked,126.484,0.6966666666666667
locked,394.635,0.47000000000000003
locked,3570.105,0.645897435897436
locked,136.919,0.465
locked,526.773,0.56375
locked,423.323,0.5466666666666667
locked,204.289,0.16285714285714287
locked,465.8,0.7071428571428572
locked,128.196,0.69
locked,472.206,0.6325
locked,251.072,0.5780000000000001
locked,98.727,0.515
locked,601.576,0.6900000000000001
locked,513.959,0.6399999999999999
locked,101.536,0.5
locked,355.281,0.305
locked,348.407,0.294
locked,99.62,0.59
locked,138.558,0.745
locked,242.521,0.6611111111111112
locked,285.907,0.5933333333333334
locked,202.119,0.1285714285714286
locked,204.629,0.12285714285714286
locked,368.856,0.3175
locked,137.425,0.624
locked,98.35,0.61
locked,97.731,0.685
locked,479.13,0.7271428571428571
locked,135.48,0.7625
locked,359.55,0.306
locked,314.145,0.6414285714285715
locked,436.178,0.52
locked,301.874,0.592
locked,240.264,0.5775
locked,230.504,0.8540000000000001
locked,305.225,0.651
locked,217.375,0.5283333333333334
locked,499.315,0.6471428571428571
locked,212.238,0.47333333333333333
locked,540.796,0.446
locked,303.005,0.8175
locked,425.783,0.5466666666666667
locked,261.108,0.5066666666666667
locked,247.912,0.6033333333333334
locked,178.959,0.7949999999999999
locked,259.64,0.687142857142857
locked,350.844,0.28200000000000003
locked,424.895,0.6359999999999999
locked,459.652,0.6085714285714285
locked,301.856,0.5725
locked,426.067,0.636
locked,377.354,0.75
locked,505.169,0.5316666666666666
locked,246.641,0.5922222222222222
locked,556.852,0.641
locked,293.98,0.6950000000000001
locked,290.216,0.5425
locked,212.593,0.5199999999999999
locked,267.921,0.504
locked,249.679,0.8200000000000001
locked,313.114,0.76
locked,461.165,0.508
locked,177.476,0.6675
locked,429.145,0.5616666666666666
locked,295.889,0.5866666666666667
locked,484.777,0.7857142857142857
locked,230.499,0.7666666666666666
locked,237.872,0.7175
locked,490.78,0.554
locked,226.995,0.675
locked,518.222,0.5630000000000001
locked,311.822,0.41714285714285715
locked,113.538,0.7400000000000001
locked,607.221,0.7045454545454545
locked,489.791,0.676
locked,267.887,0.5366666666666666
locked,250.978,0.7266666666666666
locked,299.971,0.7883333333333334
locked,221.539,0.725
locked,305.994,0.66875
locked,294.587,0.87
locked,302.562,0.7033333333333333
locked,398.375,0.46444444444444444
locked,161.006,0.6950000000000001
locked,193.208,0.2875
locked,245.717,0.885
locked,294.934,0.65
locked,384.372,0.7124999999999999
locked,571.91,0.6433333333333332
locked,396.17,0.4811111111111111
locked,286.469,0.5199999999999999
locked,177.882,0.77875
locked,192.828,0.28500000000000003
locked,309.212,0.4114285714285714
locked,559.105,0.6007142857142858
locked,160.15,0.7649999999999999
locked,417.929,0.6871428571428572
locked,542.153,0.635
locked,224.245,0.7885714285714286
locked,529.662,0.6016666666666667
locked,194.173,0.7
locked,373.415,0.668888888888889
locked,228.292,0.7014285714285714
locked,193.97,0.685
locked,283.244,0.5325
locked,400.627,0.6555555555555556
locked,473.569,0.711111111111111
locked,252.891,0.7733333333333334
locked,167.951,0.7050000000000001
locked,193.888,0.275
locked,291.601,0.58
locked,513.235,0.5559999999999999
locked,543.073,0.634
locked,401.622,0.6722222222222223
locked,573.154,0.5850000000000001
locked,233.289,0.76875
locked,260.122,0.5449999999999999
locked,458.526,0.45
locked,250.674,0.62
locked,193.416,0.665
locked,406.031,0.6822222222222223
locked,1093.76,0.6307692307692307
locked,232.429,0.8733333333333334
locked,503.978,0.8325
locked,363.282,0.7
locked,301.975,0.8324999999999999
locked,493.233,0.615
locked,507.802,0.5657142857142857
locked,382.16,0.67
locked,356.315,0.4555555555555555
locked,563.285,0.62
locked,474.997,0.6275
locked,354.826,0.499
locked,735.086,0.7308333333333333
locked,281.186,0.7666666666666667
locked,496.863,0.7771428571428572
locked,300.418,0.79375
locked,376.721,0.718
locked,1058.354,0.6307692307692309
locked,1023.659,0.792
locked,432.127,0.635
locked,296.946,0.7775000000000001
locked,427.547,0.6425
locked,1039.773,0.7959999999999999
locked,752.766,0.644375
locked,735.11,0.7130769230769232
locked,578.278,0.628125
locked,328.791,0.6583333333333333
locked,492.955,0.7757142857142857
locked,386.377,0.6910000000000001
locked,285.807,0.732
locked,276.145,0.6819999999999999
locked,332.058,0.6375000000000001
locked,504.634,0.7863636363636363
locked,571.737,0.5321428571428571
locked,382.732,0.7
locked,152.0,0.74
locked,431.058,0.6933333333333334
locked,770.905,0.7075
locked,503.756,0.8054545454545455
locked,708.767,0.7200000000000001
locked,753.351,0.70375
locked,391.793,0.6940000000000001
locked,330.418,0.6966666666666667
locked,504.298,0.7689999999999999
locked,1086.893,0.6228571428571429
locked,507.16,0.6950000000000001
locked,1737.101,0.7317073170731707
locked,924.45,0.8473333333333334
locked,1300.279,0.7983333333333332
locked,942.979,0.762857142857143
locked,496.397,0.701
locked,889.415,0.8513333333333334
locked,1711.924,0.7397560975609756
locked,916.679,0.8326666666666667
locked,1166.568,0.6614814814814814
locked,1188.528,0.6696296296296296
locked,1761.334,0.7463414634146341
locked,1160.056,0.6511538461538463
locked,2533.147,0.722549019607843
locked,1326.568,0.8092
locked,1400.589,0.7976923076923078
locked,1563.347,0.7107407407407408
locked,1572.648,0.6938461538461538
locked,1567.859,0.6919230769230769
locked,3165.595,0.7527450980392157
locked,0.0,0.5144277108433735
locked,132.135,0.635
locked,113.409,0.6866666666666666
locked,195.466,0.5475
locked,128.954,0.6612500000000001
locked,73.044,0.6966666666666667
locked,112.956,0.68
locked,113.874,0.7266666666666667
locked,71.659,0.6966666666666667
locked,74.0,0.715
locked,127.014,0.6075
locked,92.873,0.605
locked,948.299,0.6246153846153846
locked,192.136,0.5425
locked,84.212,0.76
locked,458.803,0.6083333333333334
locked,153.684,0.34
locked,206.542,0.6439999999999999
locked,83.675,0.7450000000000001
locked,192.341,0.47750000000000004
locked,94.351,0.53
locked,145.354,0.37
locked,94.242,0.53
locked,148.809,0.34400000000000003
locked,319.141,0.53
locked,83.416,0.585
locked,955.126,0.6515384615384614
locked,318.675,0.8400000000000001
locked,205.974,0.6180000000000001
locked,968.661,0.7138461538461538
locked,373.446,0.75
locked,427.617,0.5181818181818182
locked,314.241,0.8471428571428572
locked,220.755,0.54
locked,281.872,0.63
locked,927.447,0.7568421052631579
locked,204.019,0.532
locked,313.208,0.59
locked,282.136,0.6666666666666666
locked,232.614,0.7999999999999999
locked,327.823,0.44749999999999995
locked,280.542,0.7566666666666665
locked,216.826,0.62
locked,309.707,0.56
locked,385.383,0.7266666666666667
locked,320.693,0.585
locked,284.069,0.88
locked,331.274,0.4600000000000001
locked,225.152,0.57
locked,265.004,0.81
locked,184.647,0.20400000000000001
locked,220.199,0.6657142857142856
locked,326.423,0.89
locked,285.73,0.6783333333333333
locked,424.353,0.4790909090909091
locked,215.425,0.6214285714285713
locked,271.301,0.7066666666666667
locked,288.223,0.5611111111111111
locked,178.67,0.134
locked,284.528,0.6666666666666666
locked,267.983,0.655
locked,253.452,0.74875
locked,289.921,0.6028571428571429
locked,230.257,0.8033333333333332
locked,293.867,0.6442857142857142
locked,314.976,0.595
locked,265.206,0.7749999999999999
locked,329.147,0.45749999999999996
locked,317.474,0.626
locked,338.123,0.735
locked,228.511,0.57
locked,247.261,0.75
locked,288.059,0.8733333333333334
locked,262.93,0.755
locked,1342.858,0.637
locked,225.732,0.5650000000000001
locked,321.254,0.6200000000000001
locked,126.135,0.6433333333333334
locked,227.056,0.6333333333333333
locked,124.785,0.8233333333333334
locked,251.431,0.7437499999999999
locked,259.135,0.55
locked,398.218,0.45600000000000007
locked,271.726,0.6366666666666667
locked,315.654,0.624
locked,274.915,0.7400000000000001
locked,403.401,0.47000000000000003
locked,180.846,0.23200000000000004
locked,307.553,0.6799999999999999
locked,326.479,0.71
locked,227.515,0.825
locked,265.284,0.8
locked,351.512,0.7533333333333333
locked,224.316,0.5816666666666667
locked,429.147,0.5236363636363636
locked,281.763,0.62
locked,381.792,0.6950000000000001
locked,286.193,0.5722222222222222
locked,275.067,0.5349999999999999
locked,267.927,0.53
locked,447.875,0.394
locked,213.548,0.39
locked,219.07,0.295
locked,120.834,0.6066666666666666
locked,287.533,0.6
locked,854.634,0.6333333333333333
locked,289.393,0.72
locked,314.353,0.645
locked,657.068,0.5780952380952382
locked,268.443,0.74
locked,440.781,0.372
locked,404.549,0.6425000000000001
locked,222.51,0.735
locked,221.949,0.39
locked,303.73,0.415
locked,341.948,0.7266666666666667
locked,298.819,0.4525
locked,290.141,0.5522222222222222
locked,223.535,0.725
locked,432.609,0.384
locked,416.055,0.42600000000000005
locked,274.429,0.65625
locked,402.258,0.7024999999999999
locked,304.218,0.43
locked,572.467,0.7999999999999999
locked,274.236,0.7542857142857143
locked,697.269,0.8666666666666667
locked,342.102,0.7683333333333332
locked,513.146,0.6171428571428572
locked,609.345,0.6891666666666666
locked,549.676,0.7466666666666666
locked,493.4,0.7716666666666666
locked,480.705,0.74875
locked,660.283,0.34090909090909094
locked,284.874,0.6225
locked,309.286,0.625
locked,137.933,0.815
locked,332.603,0.6414285714285713
locked,661.169,0.5871428571428572
locked,490.17,0.68
locked,317.74,0.6128571428571429
locked,585.571,0.6766666666666666
locked,205.335,0.77
locked,498.498,0.597857142857143
locked,477.823,0.8119999999999999
locked,915.982,0.763684210526316
locked,910.933,0.6240000000000001
locked,727.476,0.7235714285714285
locked,217.134,0.7620000000000001
locked,664.732,0.49000000000000005
locked,369.849,0.5812499999999999
locked,329.604,0.5957142857142858
locked,686.279,0.8571428571428571
locked,492.629,0.7344444444444443
locked,882.387,0.6275000000000001
locked,372.454,0.5257142857142857
locked,209.046,0.81
locked,586.73,0.626
locked,670.682,0.4099999999999999
locked,916.39,0.7700000000000001
locked,382.446,0.52
locked,510.769,0.5758823529411764
locked,633.587,0.6941666666666667
locked,618.607,0.5261538461538462
locked,965.324,0.78375
locked,374.613,0.728
locked,584.786,0.6216666666666667
locked,481.225,0.7275
locked,462.21,0.8125
locked,367.778,0.688
locked,481.339,0.758
locked,485.909,0.7220000000000001
locked,369.237,0.54375
locked,384.901,0.5242857142857142
locked,656.103,0.40384615384615385
locked,454.242,0.7300000000000001
locked,539.753,0.7661538461538461
locked,373.568,0.5555555555555555
locked,945.543,0.705
locked,298.388,0.765
locked,1525.06,0.7483870967741936
locked,473.913,0.6990000000000001
locked,938.344,0.6916666666666669
locked,1579.05,0.7350000000000001
locked,294.344,0.725
locked,636.638,0.772
locked,296.212,0.735
locked,614.792,0.704
locked,1529.733,0.7109677419354838
locked,1587.749,0.609
locked,651.913,0.7666666666666667
locked,650.49,0.764
locked,953.299,0.6572727272727273
locked,1575.349,0.563
locked,1610.622,0.5635000000000001
locked,1227.357,0.7422727272727272
locked,1249.262,0.7266666666666667
locked,1822.229,0.6653846153846155
locked,1524.324,0.766875
locked,2733.346,0.7358730158730159
locked,1516.568,0.6321875
locked,1753.389,0.6435714285714288
locked,1210.624,0.7507692307692309
locked,1803.315,0.6267857142857143
locked,1465.011,0.6311764705882353
locked,2538.462,0.5460869565217391
locked,2560.531,0.5573913043478261
locked,2617.683,0.5465217391304348
locked,4617.645,0.7034722222222223
locked,0.0,0.49512380952380947
locked,701.947,0.655
locked,732.107,0.6658823529411765
locked,775.886,0.6513333333333333
locked,105.837,0.5199999999999999
locked,386.005,0.2475
locked,241.639,0.5766666666666667
locked,341.767,0.32
locked,103.76,0.58
locked,190.419,0.6683333333333333
locked,379.203,0.26375
locked,254.439,0.4842857142857143
locked,313.478,0.5766666666666667
locked,63.761,0.45599999999999996
locked,97.025,0.525
locked,111.383,0.625
locked,300.442,0.368
locked,273.236,0.13428571428571429
locked,105.31,0.7025
locked,241.257,0.41600000000000004
locked,385.022,0.385
locked,169.401,0.3875
locked,177.264,0.825
locked,349.788,0.604
locked,301.26,0.514
locked,127.159,0.57
locked,343.023,0.7
locked,632.684,0.7271428571428572
locked,177.807,0.36166666666666664
locked,245.741,0.61
locked,397.686,0.6757142857142858
locked,337.685,0.47000000000000003
locked,246.076,0.3933333333333333
locked,304.462,0.43250000000000005
locked,105.265,0.47
locked,306.156,0.176
locked,288.057,0.5214285714285715
locked,319.064,0.6066666666666666
locked,223.309,0.3625
locked,203.968,0.7437500000000001
locked,245.99,0.6271428571428571
locked,245.432,0.4628571428571428
locked,245.833,0.41333333333333333
locked,832.034,0.4592307692307693
locked,350.314,0.6825
locked,327.1,0.48142857142857143
locked,240.653,0.39999999999999997
locked,213.263,0.42833333333333323
locked,1036.112,0.6695
locked,182.192,0.81
locked,245.07,0.1642857142857143
locked,390.154,0.7275
locked,249.955,0.51
locked,655.63,0.5292307692307692
locked,321.901,0.8880000000000001
locked,236.895,0.5800000000000001
locked,248.983,0.8585714285714285
locked,216.774,0.5925
locked,268.376,0.716
locked,302.084,0.5375
locked,326.667,0.675
locked,134.326,0.7816666666666667
locked,441.146,0.6755555555555556
locked,441.39,0.6607142857142858
locked,187.834,0.4422222222222222
locked,441.077,0.6875
locked,409.198,0.7541176470588234
locked,250.738,0.79
locked,124.544,0.687142857142857
locked,279.655,0.7250000000000001
locked,395.306,0.46249999999999997
locked,170.769,0.595
locked,211.593,0.662
locked,400.634,0.3211111111111111
locked,487.157,0.636
locked,225.559,0.50875
locked,363.582,0.31090909090909097
locked,263.714,0.5166666666666666
locked,603.132,0.522
locked,397.177,0.6671428571428571
locked,678.667,0.71
locked,344.305,0.835
locked,450.423,0.49
locked,262.142,0.7849999999999999
locked,349.599,0.390909090909091
locked,218.159,0.8727272727272729
locked,213.442,0.8649999999999999
locked,273.047,0.6966666666666667
locked,423.532,0.79
locked,377.031,0.37333333333333335
locked,197.385,0.61
locked,177.255,0.5033333333333333
locked,362.246,0.4911111111111111
locked,494.71,0.7557142857142859
locked,688.345,0.640909090909091
locked,441.874,0.655
locked,188.142,0.31833333333333336
locked,411.668,0.47333333333333333
locked,372.686,0.64125
locked,438.409,0.645
locked,1105.221,0.7104761904761906
locked,245.85,0.8025
locked,223.478,0.54
locked,704.792,0.63125
locked,198.12,0.7975000000000001
locked,260.058,0.756
locked,369.349,0.7033333333333333
locked,505.241,0.7909999999999999
locked,593.595,0.534
locked,475.4,0.5314285714285715
locked,283.698,0.6033333333333334
locked,311.247,0.86
locked,224.842,0.58
locked,240.072,0.7766666666666667
locked,991.241,0.7654166666666665
locked,559.831,0.5023529411764706
locked,834.236,0.7696428571428572
locked,718.117,0.652
locked,490.986,0.754
locked,1117.649,0.6764
locked,335.289,0.5966666666666667
locked,490.414,0.61875
locked,576.765,0.8029999999999999
locked,630.444,0.8138461538461539
locked,566.812,0.6511111111111111
locked,425.535,0.744375
locked,375.537,0.85
locked,512.647,0.458
locked,697.63,0.5146666666666666
locked,423.389,0.8108333333333334
locked,470.058,0.472
locked,761.809,0.6061538461538463
locked,731.677,0.7014285714285713
locked,639.772,0.68
locked,672.657,0.6990000000000001
locked,613.667,0.44437499999999996
locked,1529.954,0.6777777777777777
locked,368.678,0.475
locked,445.472,0.659
locked,979.899,0.7086363636363635
locked,475.69,0.682857142857143
locked,894.99,0.7030000000000001
locked,611.286,0.73
locked,869.134,0.6817647058823529
locked,577.07,0.7677777777777778
locked,1728.052,0.6492307692307692
locked,784.968,0.7109523809523809
locked,931.436,0.7266666666666667
locked,915.595,0.6945454545454545
locked,837.027,0.651
locked,678.06,0.40937500000000004
locked,1187.547,0.7609090909090909
locked,865.297,0.8160000000000001
locked,948.427,0.7091666666666666
locked,1702.812,0.7331249999999999
locked,1306.966,0.7458333333333332
locked,524.754,0.7200000000000001
locked,1241.556,0.7996296296296296
locked,1493.293,0.7265517241379309
locked,1021.608,0.8066666666666668
locked,1145.633,0.731875
locked,1595.118,0.7206451612903223
locked,1690.794,0.7142307692307693
locked,3672.66,0.655079365079365
locked,2828.33,0.6864705882352942
locked,2451.519,0.6815
locked,0.0,0.5329437869822485
locked,1081.375,0.6747368421052632
locked,705.097,0.6271428571428572
locked,1081.255,0.6925
locked,103.619,0.54
locked,194.522,0.08
locked,113.49,0.355
locked,120.557,0.6875
locked,261.933,0.6439999999999999
locked,920.366,0.658
locked,82.451,0.6433333333333334
locked,114.812,0.6888888888888889
locked,138.749,0.5449999999999999
locked,182.061,0.6575
locked,302.799,0.72
locked,289.489,0.3183333333333333
locked,419.227,0.585
locked,236.911,0.6483333333333333
locked,1324.983,0.7725
locked,615.06,0.40625
locked,285.757,0.5271428571428571
locked,81.923,0.5
locked,346.225,0.23285714285714285
locked,93.893,0.6633333333333333
locked,137.013,0.7549999999999999
locked,776.178,0.7324999999999999
locked,92.152,0.6933333333333334
locked,367.631,0.595
locked,260.401,0.5925
locked,169.072,0.6533333333333333
locked,195.726,0.6033333333333334
locked,122.566,0.23666666666666666
locked,517.413,0.806
locked,724.284,0.8176923076923076
locked,384.948,0.700909090909091
locked,117.873,0.66
locked,392.464,0.6200000000000001
locked,252.574,0.21857142857142858
locked,107.805,0.7
locked,421.657,0.685
locked,288.276,0.69625
locked,337.955,0.6166666666666666
locked,332.504,0.68875
locked,400.975,0.64
locked,69.179,0.41
locked,131.522,0.69
locked,344.402,0.764
locked,275.776,0.69
locked,89.675,0.7200000000000001
locked,103.139,0.605
locked,685.988,0.6027272727272727
locked,76.302,0.4333333333333333
locked,247.505,0.56
locked,483.535,0.59375
locked,308.987,0.7400000000000001
locked,224.928,0.742
locked,232.28,0.6475
locked,794.649,0.61
locked,277.843,0.7285714285714285
locked,171.369,0.6275
locked,204.202,0.6175
locked,355.428,0.48333333333333334
locked,563.434,0.736
locked,318.342,0.5666666666666667
locked,558.19,0.6557142857142857
locked,333.895,0.7333333333333334
locked,475.229,0.6766666666666666
locked,188.64,0.6655555555555555
locked,187.922,0.23500000000000001
locked,332.023,0.45222222222222225
locked,256.454,0.5079999999999999
locked,313.109,0.585
locked,380.995,0.668888888888889
locked,339.514,0.623
locked,131.667,0.47500000000000003
locked,390.473,0.6925000000000001
locked,295.998,0.32833333333333337
locked,234.514,0.46749999999999997
locked,505.657,0.753
locked,309.1,0.7
locked,582.535,0.7814285714285715
locked,458.665,0.6616666666666667
locked,417.503,0.791
locked,330.374,0.7125
locked,135.547,0.765
locked,297.448,0.356
locked,392.121,0.5
locked,379.264,0.6866666666666666
locked,202.251,0.6716666666666667
locked,387.056,0.6260000000000001
locked,627.165,0.6314285714285715
locked,363.771,0.61
locked,466.276,0.74
locked,435.053,0.5542857142857143
locked,851.246,0.6585714285714285
locked,375.114,0.27999999999999997
locked,259.731,0.52
locked,585.965,0.5671428571428572
locked,337.057,0.68
locked,266.241,0.665
locked,255.506,0.6616666666666667
locked,265.872,0.4625
locked,1158.021,0.6784210526315789
locked,449.035,0.6529999999999999
locked,198.091,0.5933333333333334
locked,347.358,0.8600000000000001
locked,491.578,0.5950000000000001
locked,139.961,0.42400000000000004
locked,343.089,0.7866666666666667
locked,203.387,0.8733333333333334
locked,292.39,0.42
locked,220.693,0.6745454545454546
locked,296.626,0.5733333333333334
locked,269.194,0.564
locked,336.897,0.776
locked,404.045,0.68
locked,496.9,0.86
locked,219.709,0.5325
locked,187.566,0.7999999999999999
locked,247.324,0.4066666666666666
locked,464.751,0.69
locked,240.148,0.76
locked,281.074,0.8625
locked,321.204,0.61
locked,301.17,0.775
locked,212.859,0.7925
locked,301.628,0.91
locked,275.133,0.6316666666666667
locked,651.115,0.6957142857142857
locked,261.606,0.535
locked,233.904,0.605
locked,1085.357,0.6731034482758621
locked,191.81,0.67
locked,174.788,0.6425000000000001
locked,246.325,0.8166666666666668
locked,590.035,0.7357142857142858
locked,489.152,0.612
locked,358.802,0.6066666666666666
locked,458.051,0.26333333333333336
locked,410.03,0.8214285714285715
locked,380.268,0.635
locked,181.395,0.6925000000000001
locked,650.27,0.8246153846153846
locked,602.053,0.6675
locked,362.274,0.764
locked,463.419,0.6528571428571429
locked,205.933,0.87375
locked,451.456,0.674
locked,393.04,0.736
locked,172.464,0.7322222222222222
locked,259.877,0.6683333333333333
locked,509.643,0.7285714285714286
locked,482.135,0.7375
locked,245.406,0.4
locked,556.86,0.7114285714285714
locked,212.169,0.8
locked,452.739,0.7477777777777779
locked,466.849,0.6880000000000001
locked,2124.519,0.7341304347826088
locked,454.898,0.6088888888888888
locked,747.005,0.461
locked,633.011,0.8241666666666667
locked,952.336,0.7294444444444446
locked,216.016,0.746
locked,1009.668,0.7478260869565218
locked,431.117,0.535
locked,706.779,0.7955555555555557
locked,926.06,0.7366666666666666
locked,325.112,0.22400000000000003
locked,308.111,0.84
locked,1149.356,0.6633333333333333
locked,609.936,0.6007692307692308
locked,627.034,0.7871428571428571
locked,435.532,0.795
locked,731.487,0.555
locked,1625.23,0.7848484848484849
locked,571.43,0.72875
locked,482.695,0.752
locked,257.872,0.62
locked,717.443,0.4715789473684211
locked,592.608,0.7733333333333333
locked,267.196,0.27666666666666667
locked,749.376,0.6541666666666667
locked,427.278,0.855
locked,728.212,0.7083333333333334
locked,875.714,0.722142857142857
locked,547.505,0.7463636363636362
locked,737.552,0.5483333333333335
locked,406.216,0.7966666666666667
locked,290.343,0.7133333333333334
locked,513.619,0.611
locked,778.313,0.8113333333333334
locked,778.19,0.6341666666666667
locked,770.905,0.6446666666666666
locked,1290.743,0.69
locked,909.223,0.7547619047619049
locked,248.0,0.834
locked,521.452,0.8666666666666666
locked,466.142,0.6285714285714284
locked,539.981,0.7288888888888887
locked,572.517,0.7342857142857141
locked,1576.868,0.6548275862068966
locked,2633.655,0.6892105263157894
locked,2059.323,0.757906976744186
locked,1108.179,0.808235294117647
locked,1358.762,0.6873333333333334
locked,1091.337,0.7122222222222222
locked,2034.949,0.6596551724137931
locked,1514.39,0.6751612903225809
locked,2514.957,0.6724489795918368
locked,0.0,0.5416850393700788
locked,6390.375,0.6324561403508772
locked,260.105,0.5766666666666667
locked,90.493,0.6433333333333334
locked,643.224,0.42666666666666675
locked,180.863,0.46727272727272723
locked,117.643,0.545
locked,155.55,0.555
locked,105.501,0.6533333333333333
locked,122.852,0.525
locked,159.443,0.5933333333333334
locked,181.502,0.56
locked,159.938,0.7050000000000001
locked,106.737,0.6766666666666667
locked,106.79,0.6833333333333335
locked,152.39,0.6325000000000001
locked,183.434,0.5454545454545454
locked,157.044,0.6566666666666667
locked,296.041,0.59
locked,111.4,0.7457142857142858
locked,279.596,0.6625
locked,276.571,0.6475
locked,118.563,0.465
locked,318.173,0.532
locked,184.463,0.5780000000000001
locked,278.942,0.625
locked,162.58,0.6299999999999999
locked,320.22,0.49333333333333335
locked,68.658,0.654
locked,1187.065,0.6053125
locked,129.334,0.8160000000000001
locked,131.966,0.842
locked,265.918,0.236
locked,336.458,0.755
locked,254.637,0.18374999999999997
locked,241.316,0.56
locked,295.97,0.6185714285714285
locked,290.152,0.5885714285714286
locked,269.662,0.32399999999999995
locked,435.121,0.79
locked,253.811,0.19
locked,109.682,0.4942857142857143
locked,275.236,0.5640000000000001
locked,212.0,0.33799999999999997
locked,130.586,0.8140000000000001
locked,293.875,0.7833333333333333
locked,309.417,0.36
locked,112.482,0.7514285714285714
locked,190.625,0.4483333333333333
locked,302.322,0.41375
locked,174.351,0.6166666666666667
locked,277.038,0.5111111111111111
locked,263.888,0.5925
locked,173.117,0.5833333333333334
locked,157.978,0.71
locked,175.583,0.855
locked,157.532,0.58
locked,169.8,0.905
locked,393.377,0.5033333333333333
locked,267.378,0.63
locked,204.62,0.5985714285714286
locked,277.757,0.304
locked,257.57,0.5766666666666667
locked,239.214,0.57
locked,587.964,0.7381818181818182
locked,186.679,0.4566666666666667
locked,190.497,0.23833333333333337
locked,336.452,0.68
locked,156.606,0.49
locked,290.227,0.6671428571428571
locked,319.17,0.568
locked,194.457,0.7050000000000001
locked,247.181,0.7024999999999999
locked,198.674,0.7
locked,169.261,0.5099999999999999
locked,250.84,0.5733333333333333
locked,256.491,0.6125
locked,330.199,0.6515384615384614
locked,301.59,0.37222222222222223
locked,225.394,0.675
locked,152.281,0.64
locked,327.715,0.7460000000000001
locked,165.901,0.5371428571428571
locked,130.963,0.8200000000000001
locked,289.838,0.575
locked,248.957,0.44
locked,240.986,0.65
locked,287.698,0.77
locked,258.854,0.5911111111111111
locked,285.793,0.635
locked,239.297,0.465
locked,298.117,0.65375
locked,272.81,0.38000000000000006
locked,194.201,0.44857142857142857
locked,217.849,0.246
locked,236.93,0.5266666666666666
locked,128.063,0.8250000000000001
locked,196.083,0.645
locked,130.254,0.8975
locked,206.102,0.91
locked,502.962,0.4825
locked,285.296,0.73
locked,291.23,0.5925
locked,556.709,0.5205263157894737
locked,486.779,0.6968421052631579
locked,157.183,0.49999999999999994
locked,250.486,0.69
locked,582.355,0.688
locked,155.729,0.65
locked,361.134,0.3925
locked,231.201,0.52
locked,310.837,0.7125
locked,277.703,0.5775
locked,339.026,0.7575
locked,213.813,0.86
locked,205.411,0.6371428571428571
locked,490.346,0.43875
locked,157.144,0.536
locked,1600.34,0.4791304347826087
locked,152.842,0.6533333333333334
locked,288.35,0.5800000000000001
locked,314.213,0.7199999999999999
locked,203.641,0.585
locked,268.832,0.246
locked,331.77,0.6536363636363638
locked,342.169,0.6875
locked,379.239,0.575
locked,157.834,0.514
locked,561.569,0.7380000000000001
locked,314.212,0.26
locked,249.048,0.4425
locked,482.041,0.7105263157894738
locked,234.879,0.505
locked,209.548,0.815
locked,216.235,0.8400000000000001
locked,372.276,0.63
locked,487.236,0.45999999999999996
locked,263.91,0.6711111111111111
locked,237.158,0.67
locked,301.955,0.8220000000000001
locked,245.023,0.48750000000000004
locked,263.573,0.43333333333333335
locked,346.01,0.6649999999999999
locked,382.623,0.64
locked,260.685,0.40499999999999997
locked,363.025,0.38749999999999996
locked,297.556,0.7885714285714285
locked,441.537,0.6749999999999999
locked,415.345,0.525
locked,303.966,0.8160000000000001
locked,485.715,0.5466666666666667
locked,216.332,0.7316666666666666
locked,306.135,0.8760000000000001
locked,331.636,0.605
locked,210.695,0.716
locked,747.221,0.5958333333333334
locked,273.643,0.4628571428571429
locked,550.534,0.47263157894736846
locked,488.516,0.7026315789473684
locked,432.342,0.792
locked,821.526,0.5664705882352942
locked,501.191,0.6983333333333334
locked,237.05,0.661111111111111
locked,546.746,0.5288235294117647
locked,434.121,0.7424999999999999
locked,507.431,0.6442857142857142
locked,384.532,0.7142857142857143
locked,506.699,0.646
locked,518.366,0.256
locked,358.481,0.42857142857142855
locked,415.444,0.5936363636363636
locked,603.697,0.8373684210526315
locked,521.88,0.6916666666666668
locked,450.618,0.826
locked,847.694,0.5757142857142856
locked,347.819,0.7566666666666667
locked,349.39,0.6528571428571429
locked,426.059,0.6555555555555556
locked,504.956,0.588888888888889
locked,402.0,0.5890000000000001
locked,237.497,0.625
locked,399.186,0.7460000000000001
locked,486.636,0.5854545454545456
locked,1585.469,0.5151724137931035
locked,223.079,0.6719999999999999
locked,199.417,0.7733333333333334
locked,404.037,0.4720000000000001
locked,858.65,0.5875
locked,239.461,0.6271428571428571
locked,615.691,0.73
locked,468.659,0.6433333333333334
locked,326.176,0.66
locked,210.64,0.77
locked,621.71,0.8347368421052631
locked,418.04,0.7166666666666667
locked,417.922,0.6842857142857143
locked,392.304,0.7018181818181818
locked,624.194,0.8036842105263158
locked,538.528,0.27999999999999997
locked,413.744,0.52
locked,947.406,0.67
locked,810.105,0.6392857142857142
locked,1589.642,0.5163333333333334
locked,951.826,0.521
locked,840.302,0.5458823529411765
locked,974.369,0.5629629629629629
locked,483.098,0.6950000000000001
locked,487.258,0.76
locked,905.863,0.8780000000000001
locked,494.13,0.57
locked,1116.385,0.7123809523809523
locked,618.526,0.7433333333333334
locked,1784.718,0.7586046511627906
locked,946.778,0.8624
locked,1117.006,0.7204999999999999
locked,964.915,0.855909090909091
locked,950.765,0.8260000000000001
locked,935.307,0.7964285714285715
locked,1139.899,0.6460000000000001
locked,1399.688,0.7311538461538463
locked,1091.919,0.6270833333333333
locked,942.407,0.854
locked,1040.013,0.7208333333333332
locked,1081.684,0.65
locked,1587.282,0.6869444444444445
locked,2420.599,0.708076923076923
locked,3813.149,0.6679104477611938
